week,team,elo_pre_week
1,SEA,1643.35
1,DEN,1594.74
1,NE,1592.82
1,HOU,1581.66
1,BUF,1579.0
1,LA,1577.37
1,SF,1559.23
1,PHI,1556.38
1,JAX,1545.27
1,MIN,1544.87
1,DET,1543.71
1,LAC,1533.59
1,CHI,1531.36
1,PIT,1521.57
1,GB,1519.13
1,BAL,1518.16
1,ATL,1493.61
1,KC,1481.27
1,TB,1476.89
1,DAL,1474.77
1,MIA,1474.73
1,IND,1472.33
1,CIN,1467.06
1,WAS,1466.83
1,CAR,1457.76
1,NO,1451.63
1,CLE,1437.71
1,NYG,1419.34
1,NYJ,1401.98
1,ARI,1398.83
1,TEN,1391.9
1,LV,1390.38
2,SEA,1658.13
2,DEN,1570.69
2,NE,1578.03
2,HOU,1559.09
2,BUF,1601.57
2,LA,1553.93
2,SF,1582.67
2,PHI,1569.14
2,JAX,1557.14
2,MIN,1561.0
2,DET,1556.34
2,LAC,1504.2
2,CHI,1549.55
2,PIT,1537.59
2,GB,1503.0
2,BAL,1537.95
2,ATL,1477.6
2,KC,1505.32
2,TB,1458.75
2,DAL,1454.01
2,MIA,1452.32
2,IND,1452.54
2,CIN,1485.21
2,WAS,1454.07
2,CAR,1439.56
2,NO,1439.0
2,CLE,1425.83
2,NYG,1440.1
2,NYJ,1423.83
2,ARI,1428.22
2,TEN,1370.06
2,LV,1412.79
3,SEA,1658.13
3,DEN,1570.69
3,NE,1578.03
3,HOU,1559.09
3,BUF,1601.57
3,LA,1553.93
3,SF,1582.67
3,PHI,1569.14
3,JAX,1557.14
3,MIN,1561.0
3,DET,1556.34
3,LAC,1504.2
3,CHI,1549.55
3,PIT,1537.59
3,GB,1503.0
3,BAL,1537.95
3,ATL,1477.6
3,KC,1505.32
3,TB,1458.75
3,DAL,1454.01
3,MIA,1452.32
3,IND,1452.54
3,CIN,1485.21
3,WAS,1454.07
3,CAR,1439.56
3,NO,1439.0
3,CLE,1425.83
3,NYG,1440.1
3,NYJ,1423.83
3,ARI,1428.22
3,TEN,1370.06
3,LV,1412.79
4,SEA,1658.13
4,DEN,1570.69
4,NE,1578.03
4,HOU,1559.09
4,BUF,1601.57
4,LA,1553.93
4,SF,1582.67
4,PHI,1569.14
4,JAX,1557.14
4,MIN,1561.0
4,DET,1556.34
4,LAC,1504.2
4,CHI,1549.55
4,PIT,1537.59
4,GB,1503.0
4,BAL,1537.95
4,ATL,1477.6
4,KC,1505.32
4,TB,1458.75
4,DAL,1454.01
4,MIA,1452.32
4,IND,1452.54
4,CIN,1485.21
4,WAS,1454.07
4,CAR,1439.56
4,NO,1439.0
4,CLE,1425.83
4,NYG,1440.1
4,NYJ,1423.83
4,ARI,1428.22
4,TEN,1370.06
4,LV,1412.79
5,SEA,1658.13
5,DEN,1570.69
5,NE,1578.03
5,HOU,1559.09
5,BUF,1601.57
5,LA,1553.93
5,SF,1582.67
5,PHI,1569.14
5,JAX,1557.14
5,MIN,1561.0
5,DET,1556.34
5,LAC,1504.2
5,CHI,1549.55
5,PIT,1537.59
5,GB,1503.0
5,BAL,1537.95
5,ATL,1477.6
5,KC,1505.32
5,TB,1458.75
5,DAL,1454.01
5,MIA,1452.32
5,IND,1452.54
5,CIN,1485.21
5,WAS,1454.07
5,CAR,1439.56
5,NO,1439.0
5,CLE,1425.83
5,NYG,1440.1
5,NYJ,1423.83
5,ARI,1428.22
5,TEN,1370.06
5,LV,1412.79
6,SEA,1658.13
6,DEN,1570.69
6,NE,1578.03
6,HOU,1559.09
6,BUF,1601.57
6,LA,1553.93
6,SF,1582.67
6,PHI,1569.14
6,JAX,1557.14
6,MIN,1561.0
6,DET,1556.34
6,LAC,1504.2
6,CHI,1549.55
6,PIT,1537.59
6,GB,1503.0
6,BAL,1537.95
6,ATL,1477.6
6,KC,1505.32
6,TB,1458.75
6,DAL,1454.01
6,MIA,1452.32
6,IND,1452.54
6,CIN,1485.21
6,WAS,1454.07
6,CAR,1439.56
6,NO,1439.0
6,CLE,1425.83
6,NYG,1440.1
6,NYJ,1423.83
6,ARI,1428.22
6,TEN,1370.06
6,LV,1412.79
7,SEA,1658.13
7,DEN,1570.69
7,NE,1578.03
7,HOU,1559.09
7,BUF,1601.57
7,LA,1553.93
7,SF,1582.67
7,PHI,1569.14
7,JAX,1557.14
7,MIN,1561.0
7,DET,1556.34
7,LAC,1504.2
7,CHI,1549.55
7,PIT,1537.59
7,GB,1503.0
7,BAL,1537.95
7,ATL,1477.6
7,KC,1505.32
7,TB,1458.75
7,DAL,1454.01
7,MIA,1452.32
7,IND,1452.54
7,CIN,1485.21
7,WAS,1454.07
7,CAR,1439.56
7,NO,1439.0
7,CLE,1425.83
7,NYG,1440.1
7,NYJ,1423.83
7,ARI,1428.22
7,TEN,1370.06
7,LV,1412.79
8,SEA,1658.13
8,DEN,1570.69
8,NE,1578.03
8,HOU,1559.09
8,BUF,1601.57
8,LA,1553.93
8,SF,1582.67
8,PHI,1569.14
8,JAX,1557.14
8,MIN,1561.0
8,DET,1556.34
8,LAC,1504.2
8,CHI,1549.55
8,PIT,1537.59
8,GB,1503.0
8,BAL,1537.95
8,ATL,1477.6
8,KC,1505.32
8,TB,1458.75
8,DAL,1454.01
8,MIA,1452.32
8,IND,1452.54
8,CIN,1485.21
8,WAS,1454.07
8,CAR,1439.56
8,NO,1439.0
8,CLE,1425.83
8,NYG,1440.1
8,NYJ,1423.83
8,ARI,1428.22
8,TEN,1370.06
8,LV,1412.79
9,SEA,1658.13
9,DEN,1570.69
9,NE,1578.03
9,HOU,1559.09
9,BUF,1601.57
9,LA,1553.93
9,SF,1582.67
9,PHI,1569.14
9,JAX,1557.14
9,MIN,1561.0
9,DET,1556.34
9,LAC,1504.2
9,CHI,1549.55
9,PIT,1537.59
9,GB,1503.0
9,BAL,1537.95
9,ATL,1477.6
9,KC,1505.32
9,TB,1458.75
9,DAL,1454.01
9,MIA,1452.32
9,IND,1452.54
9,CIN,1485.21
9,WAS,1454.07
9,CAR,1439.56
9,NO,1439.0
9,CLE,1425.83
9,NYG,1440.1
9,NYJ,1423.83
9,ARI,1428.22
9,TEN,1370.06
9,LV,1412.79
10,SEA,1658.13
10,DEN,1570.69
10,NE,1578.03
10,HOU,1559.09
10,BUF,1601.57
10,LA,1553.93
10,SF,1582.67
10,PHI,1569.14
10,JAX,1557.14
10,MIN,1561.0
10,DET,1556.34
10,LAC,1504.2
10,CHI,1549.55
10,PIT,1537.59
10,GB,1503.0
10,BAL,1537.95
10,ATL,1477.6
10,KC,1505.32
10,TB,1458.75
10,DAL,1454.01
10,MIA,1452.32
10,IND,1452.54
10,CIN,1485.21
10,WAS,1454.07
10,CAR,1439.56
10,NO,1439.0
10,CLE,1425.83
10,NYG,1440.1
10,NYJ,1423.83
10,ARI,1428.22
10,TEN,1370.06
10,LV,1412.79
11,SEA,1658.13
11,DEN,1570.69
11,NE,1578.03
11,HOU,1559.09
11,BUF,1601.57
11,LA,1553.93
11,SF,1582.67
11,PHI,1569.14
11,JAX,1557.14
11,MIN,1561.0
11,DET,1556.34
11,LAC,1504.2
11,CHI,1549.55
11,PIT,1537.59
11,GB,1503.0
11,BAL,1537.95
11,ATL,1477.6
11,KC,1505.32
11,TB,1458.75
11,DAL,1454.01
11,MIA,1452.32
11,IND,1452.54
11,CIN,1485.21
11,WAS,1454.07
11,CAR,1439.56
11,NO,1439.0
11,CLE,1425.83
11,NYG,1440.1
11,NYJ,1423.83
11,ARI,1428.22
11,TEN,1370.06
11,LV,1412.79
12,SEA,1658.13
12,DEN,1570.69
12,NE,1578.03
12,HOU,1559.09
12,BUF,1601.57
12,LA,1553.93
12,SF,1582.67
12,PHI,1569.14
12,JAX,1557.14
12,MIN,1561.0
12,DET,1556.34
12,LAC,1504.2
12,CHI,1549.55
12,PIT,1537.59
12,GB,1503.0
12,BAL,1537.95
12,ATL,1477.6
12,KC,1505.32
12,TB,1458.75
12,DAL,1454.01
12,MIA,1452.32
12,IND,1452.54
12,CIN,1485.21
12,WAS,1454.07
12,CAR,1439.56
12,NO,1439.0
12,CLE,1425.83
12,NYG,1440.1
12,NYJ,1423.83
12,ARI,1428.22
12,TEN,1370.06
12,LV,1412.79
13,SEA,1658.13
13,DEN,1570.69
13,NE,1578.03
13,HOU,1559.09
13,BUF,1601.57
13,LA,1553.93
13,SF,1582.67
13,PHI,1569.14
13,JAX,1557.14
13,MIN,1561.0
13,DET,1556.34
13,LAC,1504.2
13,CHI,1549.55
13,PIT,1537.59
13,GB,1503.0
13,BAL,1537.95
13,ATL,1477.6
13,KC,1505.32
13,TB,1458.75
13,DAL,1454.01
13,MIA,1452.32
13,IND,1452.54
13,CIN,1485.21
13,WAS,1454.07
13,CAR,1439.56
13,NO,1439.0
13,CLE,1425.83
13,NYG,1440.1
13,NYJ,1423.83
13,ARI,1428.22
13,TEN,1370.06
13,LV,1412.79
14,SEA,1658.13
14,DEN,1570.69
14,NE,1578.03
14,HOU,1559.09
14,BUF,1601.57
14,LA,1553.93
14,SF,1582.67
14,PHI,1569.14
14,JAX,1557.14
14,MIN,1561.0
14,DET,1556.34
14,LAC,1504.2
14,CHI,1549.55
14,PIT,1537.59
14,GB,1503.0
14,BAL,1537.95
14,ATL,1477.6
14,KC,1505.32
14,TB,1458.75
14,DAL,1454.01
14,MIA,1452.32
14,IND,1452.54
14,CIN,1485.21
14,WAS,1454.07
14,CAR,1439.56
14,NO,1439.0
14,CLE,1425.83
14,NYG,1440.1
14,NYJ,1423.83
14,ARI,1428.22
14,TEN,1370.06
14,LV,1412.79
15,SEA,1658.13
15,DEN,1570.69
15,NE,1578.03
15,HOU,1559.09
15,BUF,1601.57
15,LA,1553.93
15,SF,1582.67
15,PHI,1569.14
15,JAX,1557.14
15,MIN,1561.0
15,DET,1556.34
15,LAC,1504.2
15,CHI,1549.55
15,PIT,1537.59
15,GB,1503.0
15,BAL,1537.95
15,ATL,1477.6
15,KC,1505.32
15,TB,1458.75
15,DAL,1454.01
15,MIA,1452.32
15,IND,1452.54
15,CIN,1485.21
15,WAS,1454.07
15,CAR,1439.56
15,NO,1439.0
15,CLE,1425.83
15,NYG,1440.1
15,NYJ,1423.83
15,ARI,1428.22
15,TEN,1370.06
15,LV,1412.79
16,SEA,1658.13
16,DEN,1570.69
16,NE,1578.03
16,HOU,1559.09
16,BUF,1601.57
16,LA,1553.93
16,SF,1582.67
16,PHI,1569.14
16,JAX,1557.14
16,MIN,1561.0
16,DET,1556.34
16,LAC,1504.2
16,CHI,1549.55
16,PIT,1537.59
16,GB,1503.0
16,BAL,1537.95
16,ATL,1477.6
16,KC,1505.32
16,TB,1458.75
16,DAL,1454.01
16,MIA,1452.32
16,IND,1452.54
16,CIN,1485.21
16,WAS,1454.07
16,CAR,1439.56
16,NO,1439.0
16,CLE,1425.83
16,NYG,1440.1
16,NYJ,1423.83
16,ARI,1428.22
16,TEN,1370.06
16,LV,1412.79
17,SEA,1658.13
17,DEN,1570.69
17,NE,1578.03
17,HOU,1559.09
17,BUF,1601.57
17,LA,1553.93
17,SF,1582.67
17,PHI,1569.14
17,JAX,1557.14
17,MIN,1561.0
17,DET,1556.34
17,LAC,1504.2
17,CHI,1549.55
17,PIT,1537.59
17,GB,1503.0
17,BAL,1537.95
17,ATL,1477.6
17,KC,1505.32
17,TB,1458.75
17,DAL,1454.01
17,MIA,1452.32
17,IND,1452.54
17,CIN,1485.21
17,WAS,1454.07
17,CAR,1439.56
17,NO,1439.0
17,CLE,1425.83
17,NYG,1440.1
17,NYJ,1423.83
17,ARI,1428.22
17,TEN,1370.06
17,LV,1412.79
18,SEA,1658.13
18,DEN,1570.69
18,NE,1578.03
18,HOU,1559.09
18,BUF,1601.57
18,LA,1553.93
18,SF,1582.67
18,PHI,1569.14
18,JAX,1557.14
18,MIN,1561.0
18,DET,1556.34
18,LAC,1504.2
18,CHI,1549.55
18,PIT,1537.59
18,GB,1503.0
18,BAL,1537.95
18,ATL,1477.6
18,KC,1505.32
18,TB,1458.75
18,DAL,1454.01
18,MIA,1452.32
18,IND,1452.54
18,CIN,1485.21
18,WAS,1454.07
18,CAR,1439.56
18,NO,1439.0
18,CLE,1425.83
18,NYG,1440.1
18,NYJ,1423.83
18,ARI,1428.22
18,TEN,1370.06
18,LV,1412.79
